Month,Region,Sales,Target,Achievement%
February,South,620000,600000,103.33333333333334
April,West,710000,700000,101.42857142857142
