Month,Region,Sales,Target,Achievement%
January,North,450000,500000,90.0
February,South,620000,600000,103.33333333333334
March,East,380000,400000,95.0
April,West,710000,700000,101.42857142857142
May,West,550000,600000,91.66666666666666
